telefone|email|id_contato
(58)97232-2887|molestie.arcu.Sed@imperdietnon.edu|1
(67)98560-4027|sodales.at.velit@Pellentesquehabitant.org|2
(52)98247-7471|nulla.magna@estcongue.com|3
(90)93826-8546|eget@blanditcongueIn.co.uk|4
(59)91017-7425|nascetur@aptenttacitisociosqu.com|5
(49)98190-5732|eget@Mauris.co.uk|6
(38)98775-3267|est.vitae.sodales@luctusaliquet.ca|7
(62)91892-2361|Praesent@vulputateeuodio.org|8
(96)91023-3904|accumsan.convallis@nullaDonec.co.uk|9
(33)94218-5438|dolor@libero.edu|10
(24)97656-1564|dis.parturient.montes@nibhDonec.co.uk|11
(37)95257-9155|gravida.Aliquam@ac.net|12
(37)92802-7217|Fusce.feugiat@viverraDonectempus.org|13
(40)95167-8087|ut.sem@dignissim.co.uk|14
(93)97749-2094|Sed.et@lobortisaugue.net|15
(42)93734-5454|molestie.tellus.Aenean@a.co.uk|16
(11)99033-9009|rhoncus.Nullam.velit@lobortis.org|17
(30)99880-1096|a.malesuada.id@Crasvehiculaaliquet.ca|18
(99)99985-8003|vel@temporlorem.edu|19
(65)97852-5055|Nam.interdum.enim@semperrutrumFusce.net|20
(80)99605-7431|luctus.et@eu.com|21
(69)97853-7101|quam@nuncsed.edu|22
(41)92810-6166|eros.turpis.non@Crasconvallisconvallis.net|23
(77)94111-1266|Nunc.mauris.Morbi@estMauriseu.com|24
(69)98396-7318|a.neque@Suspendissenonleo.ca|25
(21)99232-2287|Lorem.ipsum@etmagnis.net|26
(97)96435-2546|aliquam@Donec.co.uk|27
(56)92336-3855|Phasellus.vitae@Donecfeugiat.ca|28
(40)98025-8420|porttitor@dolor.org|29
(58)97472-2472|consectetuer.mauris.id@Vestibulumanteipsum.org|30
(41)96902-9047|enim.mi@Sed.co.uk|31
(96)91219-1852|gravida.sagittis.Duis@nequeNullam.edu|32
(70)92665-8031|urna@inmagna.com|33
(53)98574-4361|pulvinar.arcu.et@mollisvitaeposuere.org|34
(47)93504-4874|est@laoreetliberoet.org|35
(75)92873-5619|diam@nuncac.net|36
(58)92017-2860|ac@volutpatNulla.com|37
(38)95849-3208|cursus.non.egestas@elit.net|38
(97)96891-1343|erat.neque.non@Quisquevarius.com|39
(71)98370-2733|faucibus.leo@Aliquam.co.uk|40
(43)95010-5064|pede.nec@fermentumvelmauris.ca|41
(88)95578-2761|in.faucibus.orci@non.co.uk|42
(72)95150-9656|in.dolor@porttitoreros.org|43
(99)97861-2252|natoque.penatibus@mauris.ca|44
(54)93712-7486|enim.mi@Mauriseu.net|45
(50)97874-4357|amet.ornare@lectus.ca|46
(26)99107-6491|tellus@eleifendvitae.org|47
(76)93074-8302|scelerisque.neque@MaurismagnaDuis.ca|48
(19)95831-7414|parturient@natoquepenatibus.net|49
(60)91129-1362|venenatis@nonjusto.net|50
(91)95970-2120|nec.malesuada@cursusdiam.com|51
(81)94420-5794|ipsum.dolor@nunc.edu|52
(15)95902-7783|pede.Praesent@ante.co.uk|53
(45)99538-7362|at@netuset.co.uk|54
(47)96163-2838|dui.lectus@lacusMauris.com|55
(63)97894-3322|natoque.penatibus.et@Sed.co.uk|56
(17)95108-4151|porttitor@tristique.ca|57
(58)92921-3873|In.at.pede@Sedauctor.net|58
(28)91434-8533|consequat.dolor.vitae@egettincidunt.ca|59
(49)92575-5984|sed.consequat.auctor@dolordapibusgravida.ca|60
(65)91678-2726|velit.dui.semper@Ut.org|61
(38)94601-8683|ut.eros.non@loremauctorquis.edu|62
(78)95477-3423|ante@tortornibh.ca|63
(94)95405-5748|ac.mattis.ornare@massa.org|64
(17)99021-6453|nibh.Aliquam@lacusCrasinterdum.net|65
(33)92742-7527|quis@sed.co.uk|66
(83)98416-3611|a@sitamet.edu|67
(39)92741-8245|porttitor@diamPellentesquehabitant.ca|68
(14)91595-1662|eu@ligulaAenean.org|69
(70)94467-7479|Phasellus.ornare@mollis.com|70
(73)98484-1493|Fusce@sollicitudinorci.co.uk|71
(79)95449-1908|sem.elit@nec.edu|72
(90)91082-4207|erat.in@IntegerurnaVivamus.org|73
(40)95137-7547|Donec@feugiatmetus.com|74
(42)94156-9586|Suspendisse.sed.dolor@etrutrumeu.org|75
(69)92278-8035|laoreet.posuere@eu.com|76
(46)97273-4374|blandit@enimcommodohendrerit.edu|77
(73)93497-7545|luctus.vulputate@Proineget.ca|78
(51)96198-1946|nascetur@risus.ca|79
(70)94843-8670|porttitor.scelerisque.neque@est.net|80
(22)99973-6980|a@posuere.net|81
(41)98755-4525|Sed@PhasellusornareFusce.org|82
(44)93283-4543|consectetuer.adipiscing@pretium.edu|83
(27)93904-8053|ligula.Nullam@rutrum.org|84
(65)91018-2218|eget.metus.In@convallisante.org|85
(21)91984-2413|eget.odio.Aliquam@congue.org|86
(18)92078-7302|sit.amet@erat.ca|87
(39)95990-9301|Vivamus@lectusconvallisest.co.uk|88
(38)98832-6389|eu.augue@Pellentesquehabitantmorbi.ca|89
(92)98866-1524|eu.dui.Cum@atarcuVestibulum.co.uk|90
(15)93217-1768|id.magna@ligulaAeneaneuismod.com|91
(50)92164-8726|gravida.Praesent.eu@eget.org|92
(12)92462-2171|Donec.luctus@massanon.com|93
(76)95667-9054|venenatis@turpis.net|94
(87)94010-2028|purus.accumsan@Curabiturutodio.edu|95
(57)91244-8099|eget.laoreet@lectusante.net|96
(53)92368-1315|Etiam.ligula@laciniaatiaculis.org|97
(60)96865-6836|Morbi@pharetrased.ca|98
(89)93363-8046|vitae.posuere@primisinfaucibus.com|99
(39)91945-7399|risus.Donec.egestas@pedeetrisus.ca|100