id_contato|telefone|email
1|(37)91002-8885|mauris.erat@ligula.ca
2|(45)99028-0590|ad.litora.torquent@afeugiattellus.co.uk
3|(57)98339-5772|ornare.In.faucibus@elementumdui.com
4|(40)93543-7463|fermentum@sed.co.uk
5|(86)91313-6347|est.Nunc.laoreet@lacusCras.co.uk
6|(65)98935-9277|Fusce.dolor.quam@vitae.edu
7|(50)94643-0671|dolor.sit@egestasblandit.net
8|(96)98752-9374|a.facilisis.non@inhendreritconsectetuer.co.uk
9|(87)91232-1889|Nunc.mauris@arcuVivamus.ca
10|(34)98168-2785|dui.Suspendisse@egetmollis.net
11|(44)90795-4681|cursus.purus@dolorsit.ca
12|(33)92545-2286|eleifend.vitae.erat@Vestibulumut.net
13|(17)97408-4720|a@sodalespurusin.edu
14|(92)92578-7753|malesuada@atrisusNunc.ca
15|(84)95757-5958|et@risusMorbimetus.co.uk
16|(25)98722-6963|eu@VivamusnisiMauris.org
17|(16)98483-5235|consectetuer.adipiscing@temporloremeget.org
18|(98)90483-0800|placerat.Cras@idmagna.org
19|(78)90873-9508|quis.diam@blanditviverra.edu
20|(93)99016-2290|non@pedeet.com
21|(51)91178-5545|ipsum.cursus.vestibulum@cursus.net
22|(65)91295-0669|Vestibulum@nuncid.org
23|(42)93627-8220|enim@Quisqueimperdieterat.com
24|(79)96990-9058|Lorem@Aenean.co.uk
25|(66)95373-7701|tellus.sem@atvelit.net
26|(49)98064-8713|fringilla.cursus@elitpharetra.edu
27|(76)96550-1950|odio.tristique@montes.com
28|(82)96077-2935|Cum.sociis@famesac.net
29|(58)91325-2301|Proin.velit.Sed@ornare.ca
30|(59)96323-5871|malesuada.ut.sem@malesuadavelvenenatis.net
31|(52)94655-2586|Nam@dui.com
32|(80)98774-9718|a.ultricies.adipiscing@Vestibulumaccumsan.ca
33|(79)96930-7138|mollis.dui.in@commodo.com
34|(74)97471-8967|fermentum@pedemalesuadavel.org
35|(95)96420-1128|euismod@acliberonec.co.uk
36|(14)90686-6590|commodo.tincidunt@sagittislobortismauris.com
37|(40)90361-7875|euismod@dapibus.ca
38|(67)91396-8594|et.lacinia.vitae@risusNuncac.ca
39|(51)91506-0687|Morbi@vehicularisusNulla.edu
40|(57)99678-6560|Nulla@mauriserat.edu
41|(69)91972-7252|adipiscing@ligulaDonec.net
42|(43)95603-0453|consectetuer@eutempor.org
43|(27)94566-5427|non.bibendum@quam.ca
44|(87)96873-5826|pede@fringilla.net
45|(43)93509-5598|orci.luctus.et@Maurisnondui.org
46|(18)94179-9491|purus.gravida@ultriciesdignissim.org
47|(19)97199-7446|a@InloremDonec.ca
48|(14)90173-1085|Cras@malesuadavelconvallis.edu
49|(62)96499-1292|Proin.vel.arcu@nisiCum.com
50|(47)90743-6008|luctus.aliquet@erat.net
51|(72)99852-7246|Lorem.ipsum@arcu.org
52|(90)95572-9038|Ut.semper.pretium@Integermollis.edu
53|(83)98761-5614|varius.Nam@penatibus.net
54|(80)99057-8305|Donec@gravidanuncsed.net
55|(70)95944-9423|non@tincidunt.com
56|(18)90286-4654|at.auctor@risus.edu
57|(55)90415-9134|eget.massa.Suspendisse@leo.net
58|(21)97556-7437|sit@Nuncsedorci.ca
59|(52)94152-4923|convallis@risusMorbimetus.org
60|(73)99008-8875|sed.sem.egestas@ultriciesornare.org
61|(57)90355-8333|non.nisi.Aenean@Sedid.net
62|(68)93306-6137|nascetur.ridiculus@enimcommodohendrerit.org
63|(71)96436-1926|In.at.pede@malesuadafames.edu
64|(50)90035-7715|varius.Nam@afacilisisnon.org
65|(47)92862-8645|bibendum.fermentum.metus@sitametlorem.net
66|(94)91635-8324|in@nunc.co.uk
67|(49)99109-1260|in@feugiatplacerat.ca
68|(44)94493-0554|dapibus.gravida@eulacusQuisque.net
69|(38)91247-5859|at.augue.id@vel.co.uk
70|(84)94017-7015|risus@vitae.co.uk
71|(14)95091-2810|Nunc@nullavulputate.org
72|(45)96195-8087|Integer.eu.lacus@Mauris.org
73|(36)93739-7443|ipsum.Phasellus@lacusMauris.net
74|(64)94231-4912|dignissim.Maecenas@egetmassa.net
75|(32)91077-0643|dui@lectusNullam.co.uk
76|(23)93712-1217|fermentum.fermentum@tempus.ca
77|(47)94154-7835|eleifend@at.edu
78|(58)96072-8099|primis.in.faucibus@eratnonummy.edu
79|(79)96764-6661|felis@metuseu.com
80|(21)93056-2058|convallis.erat.eget@Nullamfeugiat.com
81|(24)96688-7359|amet@arcuSed.ca
82|(15)97193-7733|amet@mieleifend.co.uk
83|(44)90344-8037|nisi.nibh@sedduiFusce.org
84|(43)92713-1763|arcu.ac.orci@mollisDuissit.com
85|(66)91337-7275|orci.tincidunt@metus.org
86|(53)90748-1077|consectetuer.euismod.est@Craspellentesque.net
87|(94)93469-7389|rutrum.non.hendrerit@viverraMaecenasiaculis.ca
88|(98)90034-5206|Duis@tinciduntnibh.edu
89|(96)94065-5215|ultricies.dignissim@dictumeu.net
90|(80)94540-6585|orci.luctus@anteblandit.edu
91|(83)93381-9482|nisi.magna@CuraePhasellusornare.ca
92|(14)92815-2591|nec@lobortis.ca
93|(77)95602-3228|ac@iaculisaliquetdiam.co.uk
94|(62)97329-8620|pede.sagittis@eleifendCrassed.edu
95|(73)97380-3050|pede@tortorNunc.org
96|(87)92803-9972|nec.ante.blandit@pharetra.net
97|(78)93126-4053|ullamcorper.viverra.Maecenas@at.net
98|(16)99255-4140|dui.Fusce@nisi.edu
99|(20)93354-5818|orci.quis@interdumSed.net
100|(64)93702-8191|malesuada.vel@enim.net