id_hospede|nome|hospedagem_id_hospedagem|endereco_hospede_id_endereco|contato_hospede_id_contato
1|Jocelyn Leonard|68|92|43
2|Jordan Mcgowan|64|71|50
3|Magee Rollins|20|62|8
4|Sloane Guthrie|16|14|79
5|Alfonso Murphy|40|81|25
6|Clare Hinton|46|13|56
7|Claire Mcintosh|4|2|23
8|Nadine Parsons|91|9|76
9|Ishmael Deleon|50|80|47
10|Rylee Morton|1|14|53
11|Adrian Waller|69|36|30
12|Winter Richmond|49|31|87
13|Darius Mercado|15|51|30
14|Joshua French|5|63|47
15|Melyssa Mosley|55|1|99
16|Yuli Chan|9|37|95
17|Merritt Whitfield|22|32|80
18|Teagan Slater|86|86|10
19|Lester Norris|4|27|66
20|Aladdin Rodgers|64|14|100
21|Deborah Henry|12|96|12
22|Elvis Weeks|43|46|14
23|Cade Sanford|84|29|88
24|Laith Cherry|37|75|75
25|Randall Jacobson|49|11|61
26|Arden Parrish|17|29|91
27|Cedric Slater|5|69|4
28|Yvonne Gonzales|19|60|5
29|Lucy Chang|76|3|39
30|Lester Head|17|65|9
31|Deirdre Carroll|100|52|13
32|Tallulah Stanley|80|68|27
33|Marny Bentley|25|60|30
34|Winter Day|43|63|45
35|Drake Jones|19|78|17
36|Macey Hogan|57|48|78
37|Drew Joyner|37|28|57
38|Ronan Hewitt|72|9|45
39|Kessie Carver|8|52|96
40|April Gates|10|28|64
41|Tamekah Head|99|45|94
42|Ezekiel Bennett|54|26|57
43|Aquila Padilla|13|54|18
44|Jenna Beasley|100|67|32
45|Glenna Hicks|72|84|95
46|Brennan Padilla|33|36|61
47|Zia Wade|39|43|45
48|Kibo Stokes|72|83|83
49|Ella Stephens|55|46|22
50|Noble Bray|54|49|44
51|Mallory Avery|72|70|78
52|Victor Frazier|47|97|48
53|Irma Maldonado|29|97|100
54|Logan Gill|73|13|69
55|Vance Hayden|58|70|87
56|Veronica Cantu|49|68|72
57|Britanney Davis|92|94|28
58|Gail Rutledge|33|96|73
59|Quentin Wiggins|99|67|6
60|Moana Luna|30|100|7
61|Hop Brock|86|41|78
62|Aquila Burt|25|44|16
63|Brock Stone|71|48|82
64|Christian Neal|89|5|88
65|Alfonso Brooks|47|52|62
66|Mallory Gamble|61|5|78
67|Freya Hogan|22|58|61
68|Colin Chaney|14|41|19
69|Wanda Jimenez|48|6|6
70|Steven Bentley|4|85|5
71|Zelenia Blankenship|40|6|10
72|Nicholas Tillman|58|57|37
73|Yoshi Russo|54|86|50
74|Leo Hewitt|98|65|70
75|Leilani Lynn|60|46|11
76|Jessica Craft|82|35|23
77|Yuli Koch|89|98|85
78|Susan Walsh|58|20|53
79|Emerson Doyle|86|35|93
80|Willow Vargas|47|85|94
81|Paki Cherry|17|65|94
82|Dawn Frost|42|50|74
83|Thaddeus Long|71|2|60
84|Nora Bowman|89|57|80
85|Jocelyn Franco|52|21|70
86|Leandra Davidson|97|12|47
87|Yardley Richards|6|62|10
88|Cole Nielsen|77|100|57
89|Elvis Wheeler|78|44|71
90|Cullen Colon|83|91|42
91|Shana Walter|81|50|6
92|Xaviera Mccall|65|66|5
93|Paki Robertson|54|72|88
94|Dora Houston|97|79|23
95|Lucius Griffith|100|83|54
96|Sloane Smith|86|78|31
97|George Wade|99|51|43
98|Ulysses Nieves|97|93|79
99|Venus Manning|86|80|95
100|Wylie Fuentes|90|86|1